{"accuracy": 0.94548, "precision": 0.9237088309119952, "recall": 0.9712092130518234}